Experimental LogS(Mol/L),Predicted LogS(Mol/L)
-6.7886,-5.868677196
-1.84670557,-2.799295974
-1.5251,-1.370215893
-1.443654068,-1.72114612
1.0499,0.853444131
-0.89,-1.332395694
-3.7082,-3.447737326
-2.526575134,-0.533969469
0.621927102,-0.29010863
-1.85529404,-1.83431016
-3.874596884,-3.543359064
-3.4,-2.83692015
-1.171451504,-1.268159079
-4.01,-3.833126476
1.0218,0.516545471
-4.2686,-3.154443935
-2.2558,-2.638612184
-5.512605542,-5.24002004
-5.13,-5.255154498
-1.64,-2.29233844
-3.16,-2.811958683
-0.872370724,-1.21743869
-2.6049,-1.869194702
-7.4,-7.764136032
-1.8476,-1.799586967
-7.99,-7.787436922
-3.3572,-2.897066347
-0.8443,0.227415234
-0.7418,-1.099032883
-2.7,-1.95360926
-2.23,-2.789199054
0.1999,-0.199046381
-2.41,-2.026298838
-2.564,-2.809351422
-7.321,-7.220264899
-1.28,-1.216553083
-8.41,-8.327684323
-3.972930257,-3.828589761
-2.192561189,-1.743794614
-4.9595,-5.796865255
-0.0749,-0.751583593
-2.563966491,-2.473767547
-5.64,-4.732312829
-1.38,-0.734887221
-1.3461,-1.116397445
-5.36,-5.564430518
-2.38,-2.262175069
-2.38,-2.333410867
-3.775545726,-3.688502006
-0.8477,-1.754528084
-4,-3.531858634
-2.3151,-2.567289028
-0.218413053,-1.1827457
-5.68,-4.883960456
-0.468101062,-0.268450367
-2.6,-3.148922874
1.365835212,1.231188603
-0.785923914,-0.529085663
-1.72,-2.255916511
-5.027,-3.526544446
-3.097609749,-3.006079045
0.9278,0.221516897
-0.9714,-1.285875821
0.0723,-0.748087858
-0.5921,-0.698102956
-4.0388,-4.567630519
-3.39,-2.853488522
-5.1244,-5.110871661
-6.214524895,-5.831689578
-3.2855,-2.636279198
-1.516592758,-0.996881421
0.251364785,-2.005179579
-2.6468,-2.645917462
-3.6822,-3.140541622
-2.03,-1.863747014
-3.2924,-3.638798336
-3.0003,-2.642229598
-5.83,-5.234121612
-0.1764,-0.112754472
-5.515281581,-5.270925597
-6.1439,-4.920927637
-6.4243,-5.960775542
-3.42,-2.596778208
-0.8188,-1.385745145
1.037167298,0.17373869
-3.2883,-2.730449511
-2.778562332,-2.916840067
-3.0514,-2.9078679
-3.618466492,-3.785242666
-6.8299,-6.800138781
-2.76,-3.275440627
-2.4662,-2.517208097
-3.152023201,-4.286706984
-4.765268274,-3.635026105
-0.075223164,-0.085157788
1.054659457,0.570105788
-2.11058971,-2.000682606
-2.3202,-2.165258979
-4.61,-4.431306372
-5.6783,-5.588281517
-1.1985,-1.388832761
-2.3097,-2.534886193
-2.69,-2.469120253
-2.74,-2.036568653
-5.1241,-4.741715683
1.307032379,0.747941394
-6.3733,-6.096183477
-1.41,-3.385796339
-6.756602507,-5.354325113
-1.805450609,-1.483174369
-8.176,-7.604970109
-2.4817,-2.312334963
-8.56,-8.366401952
0.840273374,0.586315149
-8.53,-7.200739111
-3.07,-3.635818292
-2.86,-3.713627197
-2.1308,-1.617380734
-6.382029914,-6.356104151
-4.23,-3.512367244
-0.8243,-0.986185108
-5.397515352,-4.209384808
-3.49,-2.174236019
-2.12,-1.086337903
-0.4557,0.670791553
-8.058503028,-4.513348845
-1.8378,-2.414281304
-1.629618671,-1.697782304
-5.657902962,-4.104629117
-1.93,-1.497928454
-4.3757,-4.787569325
-1.059279349,-2.061903864
-2.917000159,-1.299205277
-2.369,-2.532675433
-4.580253828,-4.185663026
-1.495423095,-2.230833344
-2.8747,-2.570308941
-1.394867706,-1.453468403
-2.46,-2.29281356
-0.635904616,-1.180619511
-1.189236756,-0.749062747
-5.14904043,-7.284900418
-6.417202563,-2.288345967
-2.8745,-2.089008003
-2.31,-2.517552291
0.6765,0.543315944
-5.775274192,-5.31650493
-4.287064023,-4.004620827
-3.7064,-3.569621178
-1.44,-1.959920722
-1.469930479,-1.695360958
-0.46,-0.83877492
0.3746,0.008586067
-2.63,-2.847722279
-2.675906595,-2.566442346
-2.65,-2.290230586
-0.8147,-0.739261284
0.571440842,0.624086867
-1.5585,-2.054452818
-3.4288,-3.688083146
-1.156,-0.59962061
-0.653770318,-0.797873183
-2.7287,-2.705626509
-4.222,-2.373711112
0.111437809,0.111014189
-5.8359,-5.703299271
-3.758489195,-2.195321395
-1.02,-0.950030488
-3.81577692,-3.839439359
-2.8,-2.825466327
-1.544,-1.606163467
-4.3495,-4.509108506
0.9435,0.579216679
-8.004,-7.866614114
-2.1851,-2.127281531
-3.2671,-3.362466692
-2.77,-2.622997445
-1.47223405,-1.736747343
-2.8248,-2.646125555
0.8121,0.439229249
-1.7326,-1.563722077
-4.5971,-4.116135803
-5.14,-4.032571875
-3.36,-2.546270051
-2.6,-2.995559435
-2.4029,-3.004387005
-4.688326948,-3.998482432
-8.185258765,-6.621008254
-3.7306,-3.793095708
-1.6009,-1.563661535
-2.37,-2.097036722
-0.43,-0.279837191
-3.98,-5.148784749
-2.03,-2.216220137
-2.902722822,0.307626156
0.127130857,0.074349084
0.92,0.59427153
-4.9495,-6.659881098
-2.7656,-2.366927734
-3.6344,-5.691337069
-3.1666,-3.848915598
-3.043,-3.953138716
-1.52,-1.676831991
-3.3254,-3.384103379
-2.3374,-3.045123979
-1.45340682,-1.640124451
-4.016533711,-4.113261671
-1.4716,-2.096505087
-1.2678,0.090797021
-4.062449254,-4.022381417
-4.207,-3.413587761
-1.9569,-2.01438737
-1.82,-1.406950518
-0.9624,-1.255143526
-1.6274,-2.693328329
-3.4009,-3.102073383
-0.0798,0.014362135
-2.35,-2.508726744
-5.52,-4.866612318
-4.8493,-4.376449545
-1.4391,-1.130055071
-2.544367455,-2.234765116
-2.969024542,-2.5673185
-1.063,-0.798861114
0.2672,0.129664223
-4.4577,-4.431306372
-3.045355413,-2.128726482
-4.1644,-4.08043812
-1.906541121,-1.384967342
-1.08,-1.309727804
-1.96,-1.390380813
-5.458398413,-6.850179993
-4.280341584,-6.397873364
-6.621817899,-6.392546694
-2.01,-2.392604475
-2.64774351,-2.040470615
-6.597038826,-5.677425986
-2.349605255,-1.823497046
-2.47,-2.398665468
-0.9624,-1.482143774
-2.33,-3.497850266
-5.5754,-4.902794566
-3.75,-2.284387167
-0.201876223,-1.314653686
0.777076543,0.675894313
-1.6085,-1.663515323
-2.44,-2.487981021
-1.14,-0.820478231
-2.91,-3.301759195
-2.12,-3.129921836
-2.82,-4.597641902
-3.0689,-2.665430989
-5.2382,-5.107270123
-4.3341,-4.352781229
-1.3177,-1.600862914
-3.698734262,-3.3117323
-2.4448,-1.508289677
-7.419805396,-7.069428793
-2.7372,-1.598856514
-1.563665466,-1.478831967
0.9823,-0.484677182
-2.1351,-2.483761725
0.6629,-0.104993047
-2.257749011,-2.531839156
-0.5781,-4.259832914
1.13,0.559320146
0.946307061,0.630164464
-3.8294,-3.687369067
-6.27,-6.196320824
-7.82,-7.563088774
-0.99,-1.662784107
-1.9295,-1.725984041
-3.423291255,-3.752952736
-1.72,-2.383101904
-2.9437,-4.218523354
0.519,0.267158133
-6.58,-6.050365301
-5.418373857,-5.999694183
-0.194310278,-0.773502073
-0.691340871,-0.652663732
-3.61,-3.473593743
-1.13,-1.348037394
-1.614,-1.941934756
-1.5224,-1.491835936
-6,-4.811984364
-2.25,-2.511127035
-3.451790553,-3.091828575
-3.52,-3.007221672
-7.19172722,-7.483715389
-1.5402,-1.083739812
-5.308746093,-4.288961959
1.0218,0.865569235
-3.91989545,-1.290017155
-4.6704,-4.56437798
-0.32,-1.796064039
0.402,-0.236651188
-0.9811,-2.028659325
-2.91,-2.342180948
-4.49,-4.326742812
-4.52,-5.004583865
-1.69,-2.297134365
-7.044345696,-3.498576297
-0.402,-0.672789038
-5.859,-5.541545501
-3.09,-2.563825661
-4.1949,-4.102520684
-5.1939,-4.145163494
-7.284910561,-7.607996853
-2.9902,-2.677247239
-3.843268562,-3.393835816
-5.57,-3.868975002
-2.39,-2.574639457
-4.143,-3.980355757
-8.2399,-8.049738177
-8.06807152,-6.114301361
1.346,1.02832732
-2.045238375,-2.726228681
-2.423907212,-3.396429325
-4.8,-3.718250117
-3.29,-2.777272439
-3.75,-4.062400508
-0.41,-0.562596502
-2.454057846,-2.189458143
-3.495,-2.62739587
-2.320601166,-2.160625354
-0.1078,-0.575452424
-4.410087437,-2.828712491
-3.8078,-3.64892913
-1.9885,-1.78010008
0.4758,-1.228258137
-0.87,-1.69161805
-6.8137,-6.591504484
-1.4504,-0.94531407
-3.82,-5.522962191
-5.345705158,-5.471375446
-0.5781,-4.259832914
-0.57344678,-0.471329974
-3.0299,-3.220176654
-3.2301,-3.501422859
-5.839,-5.410349107
-6.137134395,-6.999153712
1.1777,1.187549707
-3.1,-2.832124378
-2.160471866,-2.192420593
-1.0417,-0.871151409
-1.79,-2.18315268
1.0499,0.981485614
-1.84,-1.862566339
-4.5917,-5.014913
-4.4784,-4.25489179
-6.3508,-6.164247803
-1.1309,-2.146660576
-8.65,-7.309943562
-1.023516095,-1.287352386
-4.285036897,-3.856909353
-3.1157,-3.785024871
-3.6036,-4.577111677
-7.6194,-6.941600145
-2.6656,-2.464655606
-1.821931715,-1.84873785
-5.678834198,-6.691172653
-3.055599607,-2.881146455
-2.62,-2.246567768
-3.932,-3.760413391
0.9275,-0.052463658
-3.0902,-2.581376502
-2.31,-2.620817016
-1.5384,-1.759109668
-3.038699623,-1.570928598
-2.83,-2.738496576
-0.2592,-2.19116539
-4.287342935,-4.225850729
-4.52,-4.391431616
-1.9197,-1.835061675
-2.432,-2.193050116
-2.52,-2.743154806
-5.91714268,-4.484215882
-6.9904282,-7.386281526
-5.93,-7.039582584
-7.102471439,-6.255568337
-3.9,-3.779415284
-2.825873142,-2.79002559
-0.6835,-2.539155304
-2.07,-1.683670041
-1.5469,-0.794907048
-1.8861,-2.451977926
0.07901721,0.873847368
-8.0566,-8.296581076
-0.8666,-0.154778046
-0.3463,-0.868935992
-6.0177,-5.297053501
-4.87,-4.655224339
0.512136366,0.710163177
-1.64,-1.69567583
-2.2216331,-6.565660853
-3.518198523,-3.431627826
-2.56,-1.980901557
-2.0457,-3.624757246
-2.6003,-2.390806147
-1.0966,-0.568500984
-1.4298,-1.901585395
-1.66,-1.696549147
-3.94,-4.389658764
-3.786028703,-3.685451151
-7.476148795,-6.519554372
-7.134193051,-7.163923872
-2.6701,-2.729614765
-2.073729924,-2.11946381
-2.847330143,-1.814199888
-4.1235,-3.76475481
0.75396452,-0.292622551
-7.051424595,-6.198836623
-2.233440337,-5.923464846
-3.2196,-2.393618699
-2.515915381,-2.255761491
-1.325093551,-1.249913108
-0.54,-0.467742074
-3.37,-3.310690373
-4.1009,-5.239131495
-2.2273,-1.861053014
0.275,0.375610288
-4.6024,-4.157451847
-1.0197,-0.746002039
-1.634840597,-1.61354998
0.6033,0.036254998
-5.13,-3.794860671
0.580970652,-0.525257065
-5.683910105,-4.78162251
-3.7,-3.722890871
0.9032,0.54256232
-3.4634,-7.041245933
-3.18,-3.353919353
-1.86,-1.796119631
-2.2644,-1.839967343
1.0599,1.04353908
-0.768,-1.205461581
-4.87,-4.85510767
-4.598598509,-4.216362932
-7.92,-7.413297481
-6.079851689,-6.594348382
-2.84,-2.423925776
-2.0584,-2.561117008
0.2984,0.709290361
-2.3586,-2.63986543
-1.14,-1.507676643
-3.721988672,-3.900538141
-4.40774699,-5.707336818
-1.905,-1.788661603
-1.4489,-1.406440561
0.837883859,0.609535548
-2.35,-2.869613496
-5.4025,-5.689676822
-2.14,-2.1167719
-1.922073697,-1.458193573
-1.807646076,-1.983628602
-7.355606283,-6.515240838
-0.28,-1.542497911
-1.28,-0.518947324
-2.9338,-2.316817638
-0.838079267,-1.92682513
-7.549181312,-6.363561654
-3.8003,-3.176876496
-2.7275,-1.719804881
-3.708142472,-3.410429512
-0.1277,-0.029764262
-1.62,-3.459740635
-2.0673,-2.033118475
-0.8548,-0.428528728
0.0433,-0.592311518
-4.809134189,-2.835850984
0.1999,-0.199046381
-1.6622,-1.982008827
-4.4435,-4.983325277
-3.31,-3.573927855
-4.3158,-4.383661412
-1.27,-2.094967763
-0.7814,-1.888120386
-1.65,-1.713752951
0.010251263,-0.944466776
-4.652434914,-5.049227215
-2.28,-1.454027696
-7.16,-7.025430165
-3.85,-3.534937407
-4.59,-4.72838064
-7.3,-6.692116031
-1.48,-1.388515607
-5.365156254,-5.09593035
-1.43,-1.545152908
-2.67,-2.477194819
-2.040520296,-0.603758214
-6.869904941,-5.731906105
-1.59,-1.917115195
-3.2899,-3.03694333
-2.66,-2.913979668
1.2434,1.165344585
-4.08,-4.366601138
-2.251273114,-2.284480828
-6.621667442,-6.259911585
-2.802624638,-3.687627426
-1.5826,-2.427662645
-1.227918826,-1.272560291
-6.955006196,-6.748549035
-5.3106,-5.465284535
-1.433338371,-1.402200339
-3.122388733,-3.466822288
0.9166,-0.639283985
-4.2,-3.304418877
0.593129503,0.619426287
-5.93729046,-5.76526598
-4.472021768,-4.40640203
-1.9549,-2.028834047
-5.335685932,-4.130755963
-2.124350764,-2.280032561
0.612751114,-0.272660454
0.4063,-0.30270612
1.124514989,0.347337813
-3.796856222,-2.573125901
-0.279037497,-1.072551556
-2.72,-1.55468068
-0.2275,-1.322200417
-3.9756,-2.646399395
0.444510788,-0.424540229
-1.71,-3.969303632
-2.977604072,-3.039879899
-1.459377408,-4.449653097
-1.255496889,-1.096947439
-3.677346846,-3.566712897
-5.936026172,-6.787186251
0.642748355,0.633900546
-1.98,-3.57792213
-1.99,-2.255310263
-6.5362,-6.363431751
-3.2759,-3.74936648
-7.456,-7.463040479
-0.99,-2.992831071
-0.687659717,-1.060375467
0.4369,-0.284579463
-3.513468741,-3.558232959
-5.16,-4.750724107
-3.6402,-4.566788729
-1.1001,-0.968132053
-2.5309,-2.257841606
0.9275,0.86687481
-6.46,-6.058392302
-5.1495,-4.111371519
-1.4969,-1.914627777
-1.607002567,-1.692298363
-1.62,-3.490625015
-1.6774,-1.023655117
-0.4509,0.095806635
-2.77,-2.608721109
-1.6157,-1.688906835
-1.081092287,-2.056770273
-5.85,-4.642122293
-2.45,-3.581611495
-2.3,-2.327752928
-7.007600998,-6.4586397
-2.61,-4.735358844
-2.1538,-1.445900878
-7.14,-6.822091412
-3.4342,-3.645479788
-3.802676912,-3.912724629
0.8724,0.589224255
-0.06,-0.132472905
-2.83,-2.947517244
-7.846560339,-8.032881144
-2.749354496,-2.638605623
-3.9847,-3.577421073
-1.160845842,-1.180845313
-1.3967,-1.601694387
-1.23,-1.64869203
-5.1307,-5.249211718
-0.666725926,-0.693434157
-1.77,-1.507770469
-1.822256226,-3.729873601
-0.5229,-0.828806714
-6.287739939,-5.283438207
-6.364408865,-6.454375564
-0.583380931,-0.781552765
-8.4024,-7.754131284
-1.733847045,-1.932642032
0.9313,0.302133435
-3.6367,-4.031580117
-1.357574146,-1.524699217
-3.286478485,-3.634112997
-4.16,-2.836165832
-0.39,-0.549894305
-2.91,-2.48658489
-3.956081947,-4.727656622
-0.130912442,-0.726401682
-2.4335,-2.281171711
-3.124,-3.042627688
-2.7145,-2.436361436
-1.72,-2.075178298
0.0161,0.089672785
-1.4188,-0.855442195
-3.4886,-3.605210586
-1.852601969,-2.170696655
-4.84,-3.813486338
-3.258677936,-3.425749045
-2.337,-1.881800504
-3.3469,-2.068364103
-2.09612479,-1.761387191
0.5007,0.138546121
-3.89,-2.879936016
-8.232475788,-6.797969133
-2.1973,-2.410460479
-1.77,-1.638686043
-1.769,-0.602161768
-6.477673979,-5.534402352
-4.43,-4.676597144
-2.610551759,-2.939443333
-2.0558,-1.923769083
-3.1,-3.322075907
-2.91,-2.548524246
0.362142177,-0.532919458
-6.812907461,-6.684218039
0.4167,0.172380717
-3.05,-2.452462416
-0.98,-1.366021611
-0.5436,-0.852838569
0.786089298,-0.38232817
0.286518104,-1.329601031
-1.8602,-1.900091764
-2.497713585,-4.390314692
-5.46,-4.779832984
-1.07,-1.131235104
0.962063804,0.921127868
-4.8796,-5.108522868
-4.9111,-5.508966329
-2.2232,-2.428115846
0.522530377,0.633497469
-0.11,-0.123659643
-0.17,0.317712988
-1.7618,-1.296839388
-1.4403,-1.250856347
0.0569,-0.034159578
-0.524834841,-0.781708495
-5.5433,-5.139851596
-3.72,-3.69311186
-2.97,-1.996241737
-4.3465,-4.02830683
-2.55201324,-2.642743003
-2.4089,-1.773090053
-1.796392183,-1.529973782
-0.031020416,0.285890749
-3.42,-2.853671793
-7.9081,-7.161798243
0.6712,-0.301912766
-1.46,-1.134091562
-3.3867,-2.780925184
-6.772570424,-6.914416163
-4.50210133,-2.724901318
-1.6,-1.962484785
1.5682,-0.073062572
-4.4191,-4.228972148
-3.1173,-3.721337889
0.287747296,0.342153975
-3.1572,-3.200170913
-0.7403,-0.556352436
-5.513312746,-6.351651543
-4.595502564,-4.643453519
-3.1284,-2.992680322
-6.40319542,-4.686164708
0.159532562,-0.955124907
-2.248,-2.005980907
1.1206,0.651245792
-4.58,-3.396482458
0.36,-0.014818046
-6.44975236,-6.230667638
0.3577,-0.08984583
-8.5224,-7.880242759
-7.8228,-7.718962033
-3.3075,-3.165490476
-3.74,-3.632719188
-0.5418,-0.645039012
-3.8,-1.542926249
-3.83,-3.064920816
-4.219226833,-6.746022028
-2.7229,-2.693696701
-0.8312,-0.069994738
-1.931164755,-2.05305468
-3.427044449,-3.860850877
-2.5846,-2.354445181
-1.469072537,-1.291037631
-1.5974,-1.917283701
-4.19123514,-4.016152816
-1.13,-1.312856606
-4.349900579,-5.617322565
-2.873,-2.583564292
0.610105975,0.75562045
-5.8221,-5.18741257
-3.85,-3.251947695
-2.245992211,-1.48129038
-7.875509224,-7.18911523
-3.64,-2.528932211
-5.964168762,-7.734255786
-7.09,-6.93724447
-4.672731896,-6.076901901
-4.3,-4.49962495
-4.173484214,-3.962246225
0.237320765,0.238909421
-1.3495,-1.786141869
0.711593998,0.946122943
-3.55,-3.70793645
-2.1675,-2.264460793
-0.8098,-1.10704079
-4.65,-4.559703951
0.2214,0.410277385
-2.79,-2.037123848
-1.8239,-1.901796301
-2.16,-2.661686118
0.43,0.959139908
-2,-2.81538044
-8.362937857,-5.22735597
-7.327107482,-6.745540058
-1.69697299,-2.063770642
-0.6285,-0.96899862
1.228647734,1.125775334
-2.536373209,-2.37076572
-2.98,-2.828173905
-1.995302619,-0.83899143
-7.0199,-6.96165189
-6.558090281,-6.814574239
-2.3383,-3.070285867
-2.67352571,-2.401091344
-4.918998851,-4.41969638
-6.4372,-6.376798684
-1.13,-1.077175799
-3.1727,-3.67847718
-3.21,-1.497552735
-2.68,-2.60410986
-4.799983961,-5.580951091
-0.489,0.713679716
-3.062508747,-4.70092657
-3.49,-3.393461413
-1.23,-1.26529233
-0.53,-0.713930923
-3.2994,-3.603280731
-2.1672,-2.067244033
-8.252098343,-6.304299171
-0.0166,0.130121437
-8.55,-8.25913092
-0.8926,-0.622251226
-3.3605,-2.55613713
-3.2419,-2.984841579
-3.8,-3.573299318
-4.9489,-3.368150684
-1.0289,-1.077227901
-6.0524,-6.22087193
-0.8655,-1.375288934
-5.63,-3.783133595
-0.4390279,-1.657220726
-1.5,-1.751977504
0.8723,0.846969402
0.485061956,-1.029627362
-2.9374,-3.254929115
-3.68,-2.351433978
-0.8673,-0.978643075
-7.0057,-5.452995541
-0.91,-1.138800337
-1.46,-1.723974794
1.0263,0.737173949
0.802693707,0.238645954
-0.02,-0.208540652
-7.0641,-4.697793914
-2.3478,-2.108881382
-0.713921772,-1.009203189
-1.508782486,-1.913846881
-3.3804,-3.32780367
-8.06,-7.30491408
-2.874,-3.633155725
-7.65,-8.140859778
-1.5902,-1.686337823
-2.2232,-2.479276269
-1.2899,-0.484408228
-6.16734062,-5.886739233
-3.1319,-2.80545401
-3.89,-3.677682047
-2.1693,-2.088876924
-1.5445,-1.868275174
-4.3945,-3.857645976
-3.284,-2.703371114
-2.49,-2.600825254
-6.327772594,-7.189584529
-2.750681924,-3.025790821
-0.71,-0.882165608
0.982344896,0.55666069
-0.687915225,-0.80591394
-2.76811118,-3.038008965
-5.444898911,-4.826145471
-0.016848465,-1.132973986
-2.05,-2.128516006
-2.8896,-3.674809308
-3.26,-3.17794921
-4.701186127,-5.263703111
-6.7697,-6.07791612
-1.8,-2.032130531
-5.3576,-5.734767072
-7.770909423,-7.284307457
-5.3694,-4.010049418
-3.005248988,-3.326684704
-3.09,-3.106635227
-5.984684801,-5.74872178
-3.194,-2.76868286
-0.18999534,-0.393635022
-3.58,-3.40328537
-0.7276,-1.831354067
-3.4,-2.972392585
-6.644,-6.851844115
-0.0993,-0.864468239
-1.3285,-1.484871754
-0.53,-0.600961351
0.0402,-0.155008083
-2.3541,-2.140170702
-2.8773,-3.853205418
-2.15,-1.632592959
-2.15,-1.434812241
-5.1821,-3.750120762
-5.4374,-5.158134261
-5.469558378,-4.974437805
-6.0077,-6.216857803
-0.159007423,-0.298230971
-1.8293,-2.116325853
-5.15,-4.111371519
1.07,0.724453078
-2.5813,-2.327050607
-5.3844,-5.008028583
-1.893447681,-1.172201653
-4.74,-5.044028291
-6.07,-4.822939506
-6.240523569,-6.81839063
0.2983,-0.784125827
-2.925284669,-7.071125015
-3.499700952,-3.827292701
-4.48,-2.139325921
0.838033384,0.799809382
0.995227367,0.146503788
-2.28,-2.220676087
-3.15,-3.556724099
-2.079,-1.433808384
-2.774,-3.131702202
-3.18,-3.376789571
-5.02,-5.299883732
-0.6665,-0.539735909
-0.481381708,-0.955949865
-5.311626594,-4.775133888
-2.58,-2.462109817
-4.870866208,-4.926628463
-4.843867866,-3.249609473
-1.59,-4.055596832
-1.44,-0.707475561
-7.83,-7.692129459
-1.8684,-1.873865325
0.8536,-0.93699681
-4.08,-3.860313251
-1.552040941,-2.043897974
-3.64,-3.542596328
-6.8786,-7.068787539
-2.7172,-1.870308059
-0.1547,-0.030343794
-1.6875,-1.382593195
-4.3701,-4.293403207
-1.6,-2.30835821
-0.012,0.136086383
-1.54049772,-1.564581609
-4.028793779,-3.109602921
-2.4142,-2.328978357
-2.319,-2.207924828
-6.144,-6.786887548
-1.7603,-1.309173971
-0.9827,0.219928169
-0.8275,-0.820822494
-3.000616717,-3.248939834
0.52,0.019140808
-3.48,-2.903150221
-2.1795,-2.676711692
-5.2239,-6.023442068
-5.89,-6.236465433
-0.21,-0.419072321
-2.921,-3.31083858
-4.6001,-4.5450538
-0.527274385,-0.669840419
-3.845829997,-4.087231579
-3.46576061,-3.370781558
-3.95,-4.488231059
-2.7695,-3.162771493
-2.4568,-1.762794791
0.8397,0.50721143
-4.346837785,-4.045609473
-3.48,-2.939926457
-2.691382006,-1.889666537
-1.792073711,-1.667683901
-3.117444335,-3.366184002
-3.5738,-5.653762564
-4.567302938,-4.665545914
-4.985723288,-5.203837944
-6.239449641,-5.899906706
-0.431708518,-0.517389379
-2.0061,-3.509307523
-2.0011,-1.837027715
-1.2019,-1.647713077
-3.6577,-3.670123762
-2.835904882,-2.95173971
-2.56,-2.20180184
-3.89,-4.776458924
-2.6157,-2.653267942
-0.2946,-0.002017667
0.647406308,0.624653504
0.12,-0.534192132
-0.231611963,-3.204374205
0.3256,0.375180293
-4.69,-6.012499911
-3.074152207,-3.107639744
-2.1618,-1.732649777
-1.5,-2.778918924
-3.8226,-5.330647572
-3.795,-3.990426453
-2.68,-3.150905052
-0.4121,-0.16554967
-4.74,-4.41969638
-4,-4.484213928
-1.56,-2.395349003
-3.8523,-2.771708366
-6.33,-5.266796769
-3.81,-3.868082984
-5.7963,-5.558751894
-2.75,-2.163050032
-3.96,-1.608074717
0.9861,0.193391649
-4.52,-4.42247305
1.005827448,0.84087814
-2.055510379,-1.874093816
-4.28,-3.034257147
0.155357382,-0.546688031
-1.35258526,-1.671061629
-1.2,-1.654831782
-4.941791315,-4.781925909
-2.371197393,-1.759614256
0.877677326,0.717853828
-2.486375508,-1.907095569
-0.8608,-0.715258712
0.0702,0.149839704
-1.4486,-1.635258748
-3.1714,-3.475380511
-3.18,-4.818755876
-6.8424,-4.033134768
-2.918005419,-3.154585916
-1.8406,-2.038591564
-7.32,-6.758165631
-1.28,-1.915469446
-4.8818,-4.622901539
-0.2104,-0.053921939
-1.28038684,-1.395799047
-2.52,-2.832992455
-7.931983782,-7.192483079
-3.5214,-4.40820525
-6.8863,-5.906986006
-2.336416369,-1.874759704
0.54,-0.244782864
-8.216478376,-6.845103549
-1.33,-2.322726352
-4,-4.395579683
-0.295451716,-0.688927908
-6.867639522,-7.502812869
-3.951518842,-4.740752857
-2.253,-1.822681096
0.888875326,0.967235699
-5.0813,-5.346957542
-1.179,-2.022955364
1.4681,0.008275887
-7.3854,-7.58488564
-8.667095408,-6.217037754
-2.224445792,-2.785785799
-5.022027024,-5.061538259
-1.5917,-1.643087696
-5.915,-5.397571595
-2.1414,-1.918473921
-2.4897,-2.103367716
-5.08,-4.287743863
-4.1206,-4.2036558
-2.6,-3.613603986
-2.5644,-2.790150991
-0.62,-0.975139901
-2.68,-2.376678787
-1.15,-2.656348716
-4.083,-4.280351232
-2.2,-2.257663409
-6.929013035,-4.771125325
-7.0217,-6.242109609
-5.084664439,-4.242227583
-3.9,-2.968821046
1.1006,0.531768338
-3.68,-4.495434999
-5.0474,-4.938495007
-2.93,-3.953945071
-5.731545253,-4.077577688
-3.235078816,-4.088263136
-2.449320235,-2.323619499
-0.6085,-0.310062959
-3.0665,-4.018251838
-2.29,-2.103482167
-4.04,-4.33829771
0.3621,0.570447607
1.0452,0.351971617
-3.8135,-3.16590107
-4.863891631,-5.296534821
-3.835390149,-3.508525798
-1.2558,-1.306085471
-5.17,-3.739718059
-4.4503,-4.086811998
-1.7,-2.671618942
-1.682279323,-2.577303113
-5.0261,-4.593176616
0.630324108,-0.628358725
-5.298,-4.895354358
-1.3931,-1.156678621
-0.115,-0.025037328
-4.207,-4.836325986
0.8992,0.715075119
-6.22,-4.389858945
-0.889164102,-1.250114259
-0.4401,-0.709717066
-1.096509119,-2.406264968
0.1804,0.341937564
-2.183,-2.458901899
-4.57,-3.952335316
-4.593750027,-6.419218671
-2.67,-2.631031003
-3.989167832,-3.881463985
-0.931218902,-0.839776015
-1.036597924,-0.812625421
-3.577962337,-2.753541653
-4.74,-4.689594212
-0.62,-1.355141149
-5.964586446,-4.85016847
-0.9299,-0.919033331
-4,-3.845495656
-3.8885,-4.400373796
-2.965977173,-3.173931045
-2.6,-2.0300071
-1.918544784,-2.355164497
-3.95,-4.00454816
-1.968818258,-2.055472562
-1.36,-1.105429854
-7.51,-7.339127426
-0.8953,-0.984521231
-1.2983,-0.946225572
-4.22,-4.436637348
-1.574682221,-5.215952136
-0.4825,-1.103360936
-0.98,-1.040501402
-1.508195621,-1.803774491
-2.696,-2.891453275
-4.386944624,-4.488733125
-3.66,-3.452558784
-5.114568529,-4.245303667
-6.480660768,-6.075995977
-6.9069,-6.994919129
-2.1637,-2.178325886
-3.94,-3.960758801
-4.8953,-3.891405621
-0.82,-1.337053126
-3.22,-2.512169697
-2.001263871,-2.140404758
-4.52,-4.689199207
-5.3495,-4.367483664
-2.732,-2.30447156
-1.68,-2.887257611
0.6749,0.59900691
0.043941678,0.116700829
-2.886,-2.681504585
-4.83,-4.662628944
-0.3,-0.806755098
-3.533758505,-3.961647312
-0.94,-1.479403283
-2.0268,-2.054490871
-3.7599,-4.31641472
-2.42,-1.162541613
-2.62,-3.455201459
-7.692243372,-8.306260133
-1.84,-1.817867501
-1.7815,-1.443907718
-5.435323474,-5.770957633
-4.7,-5.216534938
-0.18,-0.17664274
-1.8738,-0.827392903
0.3159,-0.181548966
0.766506387,-0.393334367
-4.820796026,-4.067313041
-4.873295836,-1.978332003
-3.3575,-2.919834079
-0.7544,-0.651423231
-4.021753515,-3.17399113
-1.964,-1.393023414
-3.17,-3.671551523
-3.669517691,-3.580356727
-4.5412,-4.546595448
-0.6,-0.730045449
-4.48,-4.905237566
-8.4,-6.362011422
-4.4321,-4.851578779
-6.451104534,-6.909472257
-5.1805,-5.351833826
-2.345697125,-2.027016793
-7.3213,-6.515873383
-4.04,-4.001761097
-1.981673118,-0.992289282
-4.304855444,-4.847865481
-6.3168,-7.012688573
-5.010485646,-4.680983487
-1.4037,-1.37981937
0.7286,-2.07332062
-3.06,-2.543553761
-1.877340851,-1.823270834
-2.82,-1.922920161
-1.5906,-2.031039313
-2.4,-2.175775469
0.2946,-2.693188453
-3.56,-3.498829141
-6.354159334,-5.765729501
-4.79,-3.836228649
0.76,0.864881406
-0.860835326,-1.52951589
-2.3262,-2.777115575
-5.1693,-5.219365449
-0.7405,-0.297614564
-0.6785,-1.401043156
-3.1,-3.576844011
-1.643,-2.256657251
-0.199755177,-0.030194972
-0.3962,-0.155212384
-4.2474,-3.442032229
-1.0737,-1.322307967
-1.42,-1.439407313
-4.23,-3.626007672
-6.628141567,-5.349459169
1.214072532,1.041427727
-4.27,-4.060994336
-8.18,-7.578315674
-1.7178,-1.509338962
-5.11,-4.491165933
-4.0022,-3.482490446
1.0648,1.090891929
-2.8097,-2.445412679
-2.9996,-3.486429478
-1.7696,-2.015596047
-1.5005,-1.854095593
-1.5125,-1.499297425
-1.91,-2.189061075
-2.8271,-2.631128393
-1.712,-2.071669568
-6.1958,-5.683243828
-0.8334,-0.800790365
-2.352215179,-2.241287669
-3.243750947,-3.047967437
-1.2319,-2.770008925
-2.5763,-3.021870533
-3.616127121,-3.340550126
-2.0822,-2.182686806
0.804,-0.016795036
-1.9302,-2.162987733
0.749634411,0.84551168
-0.472581501,0.406712819
-1.48,-1.868226714
-0.5993,-0.629212861
-1.45,-1.386509089
-5.0797,-4.599382652
-1.2557,-1.636229595
-4.471540428,-4.235293262
-2.6514,-5.684378046
-4.8772,-5.640478843
-5.496890424,-4.839081607
-4.45076092,-4.363951245
-1.766205568,-1.642712197
-1.9704,-1.78819721
-0.460192409,-0.955949865
-0.2046,0.040070547
-5.054393659,-4.960485246
-0.0267,-1.144038872
-0.468101062,-0.29233176
-5.982115268,-5.445327589
-1.25,-0.720812052
-6.29,-6.26212388
-1.3609,-1.475944093
-1.5961,-1.709550979
-0.4985,0.132599929
-0.044931546,0.063907274
-1.7561,-1.321661304
-1.6184,-3.041032245
-4.55,-3.922429724
-0.17,0.267879036
-1.81,-1.902631445
-4.7886,-4.337388965
-8.06,-7.759406107
-2.87,-1.992311281
-1.8268,-1.863820641
-3.2102,-2.932179916
-4.52,-4.42247305
-3.3305,-4.38718718
-2.35661526,-2.424639071
-2.1955,-2.319444526
-3.4924,-3.255661965
-1.974517726,-1.04644683
0.879192534,0.520512286
-2.64,-5.387436697
-2.27,-1.767882813
-2.494168514,-2.997548667
-1.6,-2.765679049
-2.475043149,-2.178028899
-0.4016,-0.004353205
-4.46,-4.371660773
-1.402200462,-1.680640938
-3.06,-3.00258435
-3.5,-4.396633892
-3.63,-3.899928313
-5.0169,-5.479783815
-1.78,-1.895027611
-2.4688,-2.451160761
1.106488088,-0.139460087
-3.46,-3.713462932
-3.13627918,-2.655218443
-0.7288,-1.096020641
-2.0083,-1.964265465
-0.9916,-0.639499067
-1.3863,-1.513635998
-1.2,-1.800701229
-1.28,-1.642200478
-8.2259,-7.763794918
-3.9351,-2.972922843
1.356,0.679004342
-1.8507,-2.186183631
-1.713480463,-1.907889242
-1.0004,-0.928719432
-2.5,-2.349387899
-4.36,-4.560450379
-3.504,-2.81104174
-2.7501,-3.616784084
-2.95,-1.784495912
-0.165775242,-0.640868022
-1.02,-1.005880431
1.0406,0.354456696
0.8723,0.641363921
-1.89,-1.875929447
-4.37,-4.060982893
-2.830299065,-2.455006767
-4.38,-4.171001117
-3.394062684,-2.385326882
-3.39,-2.753790051
-6.7243,-7.291867525
-0.9549,-1.459903498
0.0938,0.038871595
-7.14,-6.92660469
-4.428848848,-7.510437312
-3.06681876,-3.282354994
-7.94,-7.860323689
-3.020394269,-2.941188563
-1.82,-2.41265327
-5.371522306,-5.05119183
-7.32,-7.104437826
-2.3208,-2.533877216
-7.801238331,-7.591374728
-3.6835,-2.630255302
-0.952455004,-0.949936297
-2.597,-2.779928337
-4.4216,-3.116967743
-2.487,-2.839561568
-7.981473646,-7.177499537
-6.475024349,-5.305399933
-0.5579,-0.206513382
-6.8995,-6.860936277
-1.1308,-0.570010705
-2.675782414,-2.010120956
-4.883187113,-4.861335486
-4.5835,-4.972173167
-8.39,-7.861732867
-5.827328879,-4.677142953
1.1132,0.540124679
-4.151910976,-3.856402804
0.0829,-0.239935843
-1.99,-2.514850542
-0.849572956,-1.082141196
-4.7,-3.624428302
-2.6806,-2.375351608
-4.96,-3.807709355
-3.08,-3.050048132
-1.901,-1.938632553
-3.955042001,-3.34018501
-2.2839,-3.529213317
-3.093,-2.560808164
-0.4287,-0.149342228
-1.1556,-1.935362439
-6.29705325,-3.162509849
-1.3279,-1.615863205
-8.46,-8.232581437
-4.68,-4.671627468
-4.909505216,-2.959132629
-3.18,-2.250430645
-2.695999804,-2.190179744
-5.998008544,-5.315282329
1.0499,0.811032609
-4.69,-5.033789301
-5.74386512,-5.768129651
-5.65,-5.884673018
-5.7165,-6.062621477
-2.08,-2.328798649
-2.1934,-2.049710313
-4.28,-3.933912159
-1.690450821,-1.712356286
-2.2373,-2.696467949
-3.431863898,-2.994491951
-1.835797234,-1.671614949
-5.5375,-4.52164965
-2.95,-2.250786031
-1.85,-1.379923757
0.510462812,0.733855976
-4.38,-3.708765988
-7.01,-7.037417557
0.068474963,-0.154179436
0.3,-0.155212384
-6.8245,-6.091220053
-3.4,-3.518854707
-3.41,-4.315528773
0.943011346,0.589316346
-2.69,-2.763529219
0.58,0.613558181
-3.988526528,-4.006200821
-3.5677,-4.129073365
-3.0832,-3.589227622
-8.1199,-8.137726243
-4.730940692,-4.829663261
-4.632799679,-4.943448225
-4.59,-4.441701716
-5.401939627,-4.091185298
-4.177624494,-3.785312669
-1.1,-1.534813554
-1.04,-0.612673014
-3.699,-4.05454028
-1.285894713,-1.3152838
-7.75,-6.758831523
-5.9694,-5.844309793
-2.56,-3.158748395
-4.8003,-6.003802466
-3.3567,-2.417772238
-7.7699,-7.01915224
-6.841087952,-7.168039354
-0.7956,-0.829832778
0.0255,-0.918218198
-2.676,-2.685152056
-1.21,-2.213617996
-7.830582617,-8.131935114
-0.121109888,0.655498452
-4.9432,-3.881986242
-3.8971,-3.614872162
-4.953059619,-4.500424769
-4.4651,-4.341174325
-3.79,-3.42548231
-1.71,-1.717707137
-6.83,-6.738748819
-1.5008,-3.203846254
-5.133233152,-4.040303198
-6.602799271,-5.73503976
-3.54624346,-1.221675582
-1.382910122,-1.19338746
-0.83,-1.54696448
-7.56,-7.264917145
-2.33,-2.421482757
-5.184,-4.897191829
-1.0732,-0.634999718
-3.6174,-4.081655871
-1.4743,-0.983244997
-3.589641142,-3.885468998
-1.0938,-0.992719382
-0.017655104,0.823671843
0.792402682,-0.006873474
-0.3,-1.301725684
-1.33,-1.966086336
-4.98,-4.181545449
-4.4,-4.78851978
-2.95264717,-2.933582988
-2.67,-2.564169421
-4.64,-4.332507638
1.107148825,0.620554374
-4.05,-3.835482915
-1.109,-1.088360606
-1.69,-0.740228648
-7.5746,-6.991897193
-3.845830759,-4.957046528
-7.38,-7.693150855
-3.158832906,-3.174629377
-1.3391,-1.732913297
-1.055812212,-0.48627739
-4.706,-4.02377501
-2.68,-2.821230546
-0.3,-0.012557352
-0.6592,-0.468803003
-0.9667,-0.765468215
-3.3555,-2.634891149
-5.7524,-6.259314274
-3.0099,-3.116635949
-0.43,-0.473049789
-1.176603424,-1.17154044
-2.4809,-2.193107299
-2.81,-2.36544513
1.2283,1.070260527
-5.6635,-5.193752425
-2.6248,-2.602076682
-0.4405,-0.471607334
-3.684,-3.195143701
-7.95,-7.667658898
0.067,0.209620772
-1.335253673,-1.521836673
-1.4091,-1.6244778
-6.293710563,-6.44752973
-0.9547,-0.394110185
-4.217,-4.546809518
-2.533704672,-3.421264523
-7.6499,-7.629647028
0.106,-0.053442085
-2.4845,-2.620583434
-3.119596868,-2.515482529
-2.06,-3.20683289
-0.2678,0.048528126
-7.602120788,-6.891653224
-2.9596,-3.356603792
-1.55,-1.802521543
-3.435950486,-3.191883521
-0.0719,0.118781949
-3.3637,-2.43812462
-0.3188,-1.420860766
-2.663075861,-2.742572158
-7.55796778,-7.720134258
-1.3505,-0.629415064
-1.21,-2.163649495
-1.69,-2.505345655
1.28788965,0.951717635
-7.4346,-7.487780671
-1.886030361,-1.847313625
-4.805974161,-4.568148458
0.2069,-0.162634399
-0.114420814,0.41305229
-1.58,-2.395568818
-3.37,-3.442018756
-2.1019,-2.017500754
-2.3566,-2.610636636
-4.52,-3.910699694
-1.91,-1.991807177
-4.18,-2.883801981
-1.3067,-1.231654927
-1.6111,-1.61296839
-1.346,-1.013217922
-1.042878011,-1.156799663
-2.205,-2.570721341
-0.4188,-2.171456601
-2.28,-1.898699189
-3.37502496,-4.487775139
-1.3247,-1.11472064
-0.552854708,-2.949245312
1.055,0.760191292
-0.366,-0.774672756
-6.46,-6.190112485
-7.27,-6.930318391
-1.55,-3.1295842
-0.4564,-0.757101475
-1.95,-2.009086207
0.946191052,0.567249719
-1.452,-1.820402588
-2.8266,-2.558818793
-4.2178,-4.429902431
-1.41,-0.012334701
-1.18,-1.162084333
-2.6,-2.113824977
-4.8532,-4.517322486
-2.191089976,-1.75914656
-2.5,-2.32064052
-3.574799439,-2.882895083
-2.1453,-2.134156004
0.942364321,0.964272814
-7.43,-7.519841275
-2.409128664,-2.434761566
-3.7606,-3.831483131
-4.62,-4.484036849
0.4255,-0.194922309
-1.833764651,-2.060623104
-4.742403021,-1.256076759
-7.473779877,-7.623197625
-1.07,-2.063659617
-4.2793,-4.796268276
-0.1796,-0.132218906
-2.72,-2.297236163
-6.692582562,-6.495208026
-2.6995,-2.505785518
-3.12750109,-3.04506719
-7.306378354,-7.55739232
-2.72,-3.345254884
-4.734296245,-4.639899617
-1.26,-1.735407846
-1.91,-1.818656544
-2.48,-2.560005592
-2.005111367,-1.96804267
-6.925783782,-5.403137353
-4.79,-5.252258843
-5.03682594,-6.634742739
-2.39,-3.129282954
-0.821648982,-2.444006903
-1.5044,-1.263833173
-2.3057,-2.289911502
-1.4199,-2.075113236
-4.7009,-4.029084753
-7.04,-7.270102619
-2.3333,-1.993963792
-0.341616387,0.783588048
-4.480440668,-3.682431528
-7.991102511,-6.253529138
-7.916,-7.202918407
-5.91,-5.810019027
-4.02430091,-4.583435704
-1.89,-2.155015425
-4.7874,-4.949497083
-6.813503151,-4.070862004
0.083023239,0.186453588
-6.04,-4.199358213
-1.9563,-1.74846495
-6.8754,-6.860866754
-5.942994641,-6.720762107
-0.35,-0.595644866
-4.78,-4.487085218
-2.5365,-2.346419912
-4.2031,-3.541666668
0.126659691,0.018327013
-4.86,-3.883554473
-0.6222,-0.58346803
-5.099487786,-5.175740525
-6.9278,-5.84680762
-3.9433,-4.029769902
-3.534,-4.09269179
0.995,0.495287624
0.0549,0.015938901
-3.004181056,-2.309927262
-0.7953,0.084917296
-5.771545225,-7.897327137
-3.634,-2.954460506
-0.8271,-0.359011989
-1.33,-1.792779593
0.455782507,0.118989395
-4.09,-2.581172818
-5.08,-3.649153653
-3.297212067,-3.479651719
-1.93,-2.043432665
-0.373677588,-0.328976176
-1.8614,-2.371892398
-8.68,-8.331588501
-2.7324,-2.617413804
-4.5241,-2.329589075
-1.79,-1.616962799
-2.32,-3.728186997
0.935107933,0.460965023
-2.49,-2.402070048
-6.256077616,-5.551734689
-5.09,-5.220701388
-3.653340518,-2.124277876
-2.67,-2.515403508
-1.54,-1.621881803
-3.8156,-2.88223262
-4.06,-5.433998117
-2.6471,-2.500921446
-1.0882,-1.073241478
-3.5525,-3.845555114
-1.4243,-1.4188712
-7.931857078,-5.4630824
-4.1254,-4.376765846
-1.927,-1.690938327
-4.29,-4.225202969
-1.485022741,-0.24474477
-2.39,-2.356960207
-2.699,-2.681418637
-2.711387028,-3.542223307
-7.112066324,-6.831556334
-1.66,-1.949024012
-4.425503245,-4.353953397
1.5808,0.493659766
-4.6529288,-4.554112099
-5.575133655,-5.436975909
-3.20051812,-3.41216178
1.177450183,0.337173225
-1.980572221,-2.009175763
-4.47,-3.891946255
-3.74,-3.319819164
-5.693,-5.856748919
-1.53,-1.523008911
-2.9565,-3.267459804
-4.544220436,-4.264090818
-2.3527,-2.365594549
-3.558592794,-3.600935392
-4.8292,-5.051292711
-2.56,-1.979184711
-5.5299,-4.233971752
0.502481549,-0.191971871
-3.7446,-4.062400508
-1.0142,-0.726049175
-1.082666634,-1.542354903
-0.37,-1.277718262
-1.437441792,-0.783112785
-2.503,-2.553449349
-3.3822,-3.408856649
-1.82,-3.888054134
-5.062270146,-5.549992106
-1.2994,-1.229073753
-3.4801,-3.268138993
-2.9549,-3.190135166
0.2868,0.208637608
-2.3345,-2.093750575
-8.0025,-7.681631073
-1.4249,-1.835238871
-0.9955,-1.21418172
-3.67,-2.793449786
1.1303,1.126000751
-1.576310856,-1.466718165
-5.4,-4.571709744
-3.990160109,-4.801776185
-1.9424,-2.110526496
-7.553792438,-6.352451139
-2.979987205,-2.757531555
-2.759957367,-1.894527189
-3.3574,-3.176186666
-4.959305967,-3.758127572
-1.17,-1.221415384
-4.702513826,-5.172681721
-1.241602263,-1.06566724
-7.752070739,-8.019577228
-3.44,-3.743007369
-2.6026,-2.839421179
-0.507184532,-0.544272713
-6.14,-5.871827948
-1.795385572,-2.07272126
-2.9921,-3.007922135
-1.6543,-0.750319265
-4.1369,-4.691090515
-1.16,-2.196088819
-7.24,-7.578706982
-2.6852,-2.118023028
-7,-7.178801378
-1.52,-1.982181836
-2.15,-2.471987506
-3.23,-2.51819812
-7.96906134,-6.040987515
-0.7962,-0.916133167
-3.8866,-3.905548731
-4.6399,-4.636264314
-4.86,-4.008371102
0.6329,-0.901094718
-2.2,-2.410460479
-6.496301265,-5.58082861
-7.8306,-8.071811275
-4.63,-4.542460899
-1.53,-0.19562216
-5.61,-5.318475197
-3.014809552,-1.761107591
0.355850804,0.812020272
-1.3662,-2.09532163
-2.46,-2.772755945
-3.1265,-2.846598242
-3.86580004,-4.273813165
-4.1183,-3.12960868
-7.971771107,-7.51421684
-0.2435,-0.677826889
0.444259344,-0.845139748
-3.727695225,-3.247215476
-1.299081064,-1.838242575
-1.1648,-0.667289845
-1.21,-0.735460221
-7.54,-7.067975663
-5.62,-4.807528876
-5.549793345,-5.926555243
-2.99,-3.467548096
-1.69,-1.180558737
-1.86,-1.935004172
-2.31,-2.592780156
-1.942299553,-1.391019071
-2.3152,-3.425661693
-1.78,-2.022145944
-2.6472,-2.479121345
0.454144176,-1.157485182
-1.94099707,-1.76096512
-1.1887,-0.95170519
-7.926046985,-6.796543285
-0.68,-1.443940907
-2.62,-2.204062193
-3.920758898,-3.952304824
-6.71713979,-1.230842393
-7.09873715,-6.750023554
-3.63,-3.40992301
-4.799620032,-4.839451391
-7.3023,-6.25919172
-3.93,-3.669967031
-6.953686491,-3.940396278
-8.09,-7.145424729
-2.178419855,-1.851083177
-7.946874563,-5.908890481
-1.6365,-1.69025676
-0.45,-1.336883373
-2.82,-2.815656274
-0.8213,-1.05636849
-1.4374,-0.632969862
-4.296805043,-4.4306106
-2.243098748,-2.429106404
-1.668298088,-2.110364057
-3.203737155,-4.088276081
-4.82,-4.117632306
-3.98,-3.184275145
-1.66,-2.002398645
-5.853064556,-7.329488495
-3.27068643,-3.346761253
-4.22,-4.390078547
-3.3016,-3.474758158
-6.813060611,-7.601636237
-3.5889,-3.344450165
-7.169736136,-6.672566188
-1.0994,-1.357224108
-0.7353,-0.911632699
-1.8427,-2.275719656
-3.43,-3.489439056
-2.199127372,-2.646549623
-8.1724,-7.578212046
-5.85712424,-4.163644329
-6.66,-4.732643677
-0.0094,-1.562112798
-1.964349215,0.744347815
-0.2537,-0.056031727
-0.22,-0.104967926
-2.12,-1.824270672
-2.16,-2.162690807
-3.29,-2.512175134
-1.558983084,-1.67702197
-0.37,-0.83355933
-1.693,-2.119407578
-5.7787,-5.259633255
-0.87790415,-1.389741557
-3.12,-2.935355881
-3.7162,-3.490385944
-2.6796,-2.407340413
-7.007487981,-7.077347278
0.5402,-1.23719789
-6.2375,-5.807758965
-4.0097,-3.643959773
-3.25,-2.461106902
-4.13,-4.222411647
-4.25,-4.180573232
-3.003359989,-2.912555238
-1.9977,-1.601987693
-2.91914164,-2.509441256
-3.92,-4.06051294
-5,-4.069711431
-0.4032,-0.858006295
-5.848587947,-5.078442621
-2.660025838,-2.493000204
-7.630599326,-6.686086748
-0.814940872,-0.338152521
-6.683201134,-1.598636617
-7.800359899,-6.591009123
-2.7505,-2.354604947
-2.95,-3.359962689
1.1243,0.898811939
-3.718391335,-3.799123471
-1.23,-1.297774009
-2.279225735,-1.563751353
-4.0876,-3.085638369
-3.8202,-3.975358687
-3.996383552,-5.117927786
-2.52,-2.561594577
-3.82,-3.975358687
0.815044373,0.823259431
-5.01,-4.649185312
0.322,0.32885415
-0.1906,0.01319511
-3.4792,-3.09918798
-0.69,-1.148260373
